"P.O. Box 611, 7673 Sed, Rd.",West Valley City,UT,38679
2112 Etiam St.,Athens,GA,13569
3093 Tellus. Rd.,Bozeman,MT,13824
Ap #759-5589 Suspendisse Avenue,Knoxville,TN,26580
"P.O. Box 378, 9618 Sapien. St.",Aurora,CO,18972
5546 Proin St.,Indianapolis,IN,31440
Ap #899-3271 Tristique St.,Cambridge,MA,20262
Ap #525-7177 Aliquam Rd.,Clarksville,TN,77627
"P.O. Box 188, 3431 Curabitur Street",Hattiesburg,MS,83647
Ap #366-1295 Tempor St.,Bozeman,MT,99202
"P.O. Box 808, 8666 Netus Street",Savannah,GA,56882
306-8388 Ac St.,Salem,OR,40514
"P.O. Box 814, 5587 Aliquam St.",Toledo,OH,64999
3676 Hendrerit Ave,Columbia,MO,82921
"P.O. Box 942, 4092 Metus. St.",Stamford,CT,17593
"P.O. Box 500, 7378 Duis Street",Pittsburgh,PA,13489
"792-5006 Eu, Road",Newport News,VA,42661
500-9780 Ipsum. Street,Grand Island,NE,81601
897-2186 Leo. Rd.,Minneapolis,MN,96716
9933 Dis Rd.,Jacksonville,FL,20729
351-7101 Erat. Avenue,Boston,MA,10492
3032 Massa. Road,Madison,WI,24162
"P.O. Box 589, 6607 Vitae Avenue",Seattle,WA,20888
650-1355 Lobortis Av.,Reading,PA,59777
Ap #470-8832 Orci. Avenue,Toledo,OH,94060
"P.O. Box 708, 3861 Mollis Rd.",Chandler,AZ,86247
"P.O. Box 228, 4398 Urna. Rd.",Jefferson City,MO,40668
"P.O. Box 759, 2678 Mauris Street",Lowell,MA,90221
"6081 Eget, Rd.",Erie,PA,97671
264-8535 Ante. Ave,Warren,MI,75053
"P.O. Box 708, 8520 At Ave",Idaho Falls,ID,83215
9546 Mauris St.,Sterling Heights,MI,57727
"P.O. Box 283, 4204 Non Road",Pike Creek,DE,55367
"P.O. Box 915, 408 Est Ave",Norman,OK,65349
Ap #779-4085 Gravida Avenue,Madison,WI,57612
Ap #238-593 Arcu Rd.,Overland Park,KS,87237
"P.O. Box 540, 3972 Elementum Street",Essex,VT,61079
Ap #685-9115 In Rd.,Fairbanks,AK,99654
Ap #871-4594 Lacinia St.,Gulfport,MS,73452
Ap #100-7959 Ut Street,Memphis,TN,51135
753-3449 Lorem Road,Lafayette,LA,18528
"P.O. Box 253, 8951 Ullamcorper Road",Provo,UT,25106
"P.O. Box 312, 6657 Aliquet Street",Anchorage,AK,99922
"P.O. Box 426, 7304 Nulla St.",Akron,OH,39361
"P.O. Box 710, 2643 Quis Street",Springfield,MA,70118
"P.O. Box 131, 6668 Vitae, St.",Biloxi,MS,28744
Ap #848-280 Primis Road,Toledo,OH,95511
"P.O. Box 926, 3005 Proin Av.",Rock Springs,WY,76760
"P.O. Box 954, 8283 Nunc Ave",Kansas City,KS,39968
"7769 Pede, Street",Salt Lake City,UT,86181
Ap #239-4898 Augue Street,Shreveport,LA,59015
Ap #408-7338 Cras St.,Jefferson City,MO,65807
3680 Nonummy St.,Portland,OR,27821
Ap #964-3864 Torquent Avenue,Bloomington,MN,75670
"P.O. Box 991, 8328 Mollis. Rd.",Atlanta,GA,98181
253-4639 Dui Street,Kearney,NE,28136
Ap #775-9169 Quis Av.,Norman,OK,76427
281-4947 Ultrices St.,Olympia,WA,43955
Ap #648-2516 Ut Street,Toledo,OH,82202
Ap #307-1647 Donec Avenue,Biloxi,MS,48175
"P.O. Box 894, 8264 Libero St.",Cincinnati,OH,19886
5754 Blandit Av.,Anchorage,AK,99784
Ap #993-6272 Malesuada Rd.,St. Petersburg,FL,89414
108-7400 Metus. Ave,Newport News,VA,96027
3375 Justo Av.,Atlanta,GA,68727
995-9500 Pharetra Av.,Joliet,IL,34271
550-5273 Nunc Av.,Southaven,MS,42121
Ap #644-8761 Diam Av.,Sioux City,IA,40662
"Ap #232-1142 Vel, Rd.",Kansas City,KS,59598
2314 Curae; Ave,Madison,WI,45877
"P.O. Box 860, 2506 Ornare. St.",Nashville,TN,20388
2471 Sed St.,Fayetteville,AR,72916
820-4955 Hymenaeos. Avenue,Saint Paul,MN,57742
816-6675 Cursus St.,San Antonio,TX,58659
8836 Imperdiet Street,Tulsa,OK,70143
217-4399 Sapien St.,Sandy,UT,29909
Ap #832-7005 Nunc. Rd.,Sandy,UT,49330
"P.O. Box 872, 9119 Imperdiet Ave",Juneau,AK,99822
"P.O. Box 357, 3811 Ipsum. Road",Casper,WY,21092
166-7319 Eros Street,Cincinnati,OH,10277
"P.O. Box 940, 1037 Mattis. St.",South Bend,IN,94000
Ap #858-2836 Proin Street,Augusta,ME,15532
"429-491 Amet, Rd.",San Francisco,CA,91268
"P.O. Box 305, 511 Arcu. St.",Lowell,MA,83805
"P.O. Box 513, 185 Vulputate Ave",Missoula,MT,51827
927-5528 Nunc Road,Gillette,WY,22631
6838 Pede. Rd.,Columbia,MD,36636
"P.O. Box 824, 1644 Ullamcorper Ave",Seattle,WA,36143
2713 Lectus Avenue,Gary,IN,83605
3816 Quis Av.,San Francisco,CA,93246
"P.O. Box 659, 1416 Dui, Av.",Iowa City,IA,89257
"P.O. Box 801, 1194 Auctor Avenue",Rochester,MN,34011
546-5684 Nisl. Road,Fort Wayne,IN,96078
"P.O. Box 992, 4020 In Rd.",Lakewood,CO,24544
872-3041 Donec Road,Columbia,MO,96926
805-2563 Pharetra Rd.,Norfolk,VA,26669
7763 Aliquet St.,Pike Creek,DE,95708
"1670 Lobortis, Av.",San Diego,CA,96734
423-4633 Eget Road,Covington,KY,63096
Ap #961-719 Proin Road,Mobile,AL,35528
address,city,state,zip
"604 A, Road",Fort Collins,CO,29417
198-5767 Libero Rd.,Paradise,NV,38588
Ap #170-1043 Ac Road,Las Vegas,NV,34134
4549 Ut Av.,Springdale,AR,72637
"298-3865 Pellentesque, Road",Spokane,WA,12727
"P.O. Box 135, 7917 Facilisis Street",Lowell,MA,60235
"1836 Tempus, Av.",Lawton,OK,20589
"P.O. Box 657, 9503 Sed Rd.",Kaneohe,HI,47137
"P.O. Box 364, 8382 Nec Rd.",Paradise,NV,12545
2849 Donec St.,Kenosha,WI,61138
"P.O. Box 733, 5226 Augue. Road",Lexington,KY,21161
Ap #753-3910 Metus. Rd.,San Francisco,CA,96092
1745 Tincidunt Ave,North Las Vegas,NV,82386
Ap #927-7866 Erat Street,Kearney,NE,87387
"119-9797 Placerat, Avenue",Eugene,OR,21381
"P.O. Box 811, 9589 Scelerisque Av.",Newport News,VA,53656
335-6445 Tempor Road,Lewiston,ME,79104
589-5979 Natoque Avenue,Kapolei,HI,80208
"P.O. Box 929, 8504 Suspendisse Rd.",Rutland,VT,60081
Ap #435-2914 Nec Ave,Fresno,CA,90734
"P.O. Box 188, 2722 Nunc Ave",Clarksville,TN,45994
312-1927 Suspendisse Street,Gaithersburg,MD,84841
103-8387 Sem. Rd.,San Antonio,TX,39869
857-2489 Enim. Road,Frederick,MD,53160
"P.O. Box 997, 6491 Ante. Rd.",Hartford,CT,57961
"P.O. Box 611, 2990 Nec St.",Jacksonville,FL,19993
443-3415 Eu Road,Lincoln,NE,79367
"706-6668 Quis, Rd.",Bangor,ME,16152
4201 Tempus Ave,Norfolk,VA,89472
"P.O. Box 693, 9531 Nec Ave",Tucson,AZ,85748
"Ap #220-3602 Nec, St.",Montpelier,VT,25286
Ap #140-7502 Iaculis St.,Portland,OR,69712
"P.O. Box 670, 2774 Mi Av.",Lowell,MA,85687
587-6304 Risus. St.,Warren,MI,95642
202-3504 Massa St.,Austin,TX,32400
Ap #432-489 Erat. Ave,South Burlington,VT,70511
Ap #652-8647 Urna. St.,Madison,WI,73637
Ap #451-4334 Pede. St.,Huntsville,AL,36481
278-1482 Phasellus Ave,Wyoming,WY,47129
5737 Convallis Rd.,Laramie,WY,89666
"Ap #128-4923 Cursus, Av.",Hillsboro,OR,81039
990-9278 Fermentum Road,Lincoln,NE,43914
Ap #766-2625 Auctor. Av.,Detroit,MI,87050
Ap #473-811 Cursus Avenue,Green Bay,WI,51979
Ap #702-9829 Ultrices. Avenue,Aurora,CO,74955
1324 Mi Avenue,Norfolk,VA,37003
341-5034 Arcu. Road,Kenosha,WI,41724
6537 Ipsum Road,Jackson,MS,31006
539-1825 Amet Street,Kearney,NE,93264
351-7142 Sed Road,Honolulu,HI,73719
235-6251 Sit Rd.,Gillette,WY,93242
234-925 Eleifend Road,Gaithersburg,MD,41903
"P.O. Box 374, 6557 Mauris Street",Gillette,WY,14191
184-5604 Aenean Road,New Haven,CT,19877
Ap #148-6601 Nec Av.,Knoxville,TN,74385
"6794 Amet, Street",Naperville,IL,82392
998-1761 Tellus Avenue,Nampa,ID,97082
773-2774 Nam Avenue,Rock Springs,WY,56413
6708 Luctus Rd.,Glendale,AZ,85036
Ap #510-4434 Sed St.,Topeka,KS,75829
"P.O. Box 391, 1302 Integer St.",Eugene,OR,40699
836-4044 Nisl Av.,Birmingham,AL,35076
"P.O. Box 784, 1686 Augue St.",Broken Arrow,OK,29228
9602 Duis Street,Fort Collins,CO,73366
179 Fermentum Avenue,Knoxville,TN,58387
3776 Vitae Road,Vancouver,WA,78550
9769 Sed St.,Cleveland,OH,59076
7251 Nec St.,Bellevue,WA,49440
"Ap #367-4956 Placerat, Street",Mesa,AZ,85147
984-1361 Tincidunt Ave,Jonesboro,AR,72920
Ap #359-4025 Pretium Rd.,Fort Worth,TX,30922
411-2115 Eu Rd.,Cleveland,OH,36747
755-9134 Ac Rd.,Jackson,MS,10508
1820 Odio. Rd.,Knoxville,TN,31983
7140 Sociis Street,Tuscaloosa,AL,35634
5741 Molestie Avenue,Akron,OH,67163
"P.O. Box 266, 8609 Vulputate Avenue",Salem,OR,60271
"P.O. Box 163, 3929 Molestie Avenue",Sterling Heights,MI,24007
Ap #700-2450 Consequat Av.,Bozeman,MT,25361
"Ap #627-8783 Ut, Avenue",Bloomington,MN,91032
795-7339 Interdum Rd.,Gresham,OR,22823
Ap #462-9254 Enim Road,Phoenix,AZ,85084
Ap #324-2663 Libero. St.,Glendale,AZ,85001
Ap #807-9501 Integer Rd.,Butte,MT,62885
784-2913 Adipiscing St.,Jacksonville,FL,41641
6251 Facilisis. Avenue,Cambridge,MA,93265
Ap #573-7904 Ac St.,Cedar Rapids,IA,23253
"P.O. Box 669, 7504 Turpis Av.",Gary,IN,43755
Ap #285-6276 Lorem Avenue,Hillsboro,OR,75596
Ap #618-4590 Proin Ave,Milwaukee,WI,17581
Ap #541-9270 Adipiscing Rd.,College,AK,99854
795-4140 Magna. Street,New Orleans,LA,35593
"P.O. Box 805, 4761 Sit Av.",Warren,MI,87393
1344 Nulla. Street,Lincoln,NE,66431
2370 Enim. St.,Tucson,AZ,86492
799-3191 Mauris Road,New Orleans,LA,37397
328-8414 Purus. Avenue,Kenosha,WI,29956
Ap #426-6308 Et Road,Wilmington,DE,30378
"P.O. Box 567, 1411 Quam Street",Huntsville,AL,35718
6984 Non Road,South Bend,IN,36499